Company,Date,Open,High,Low,Close,Adj Close,Volume
Uber,5/10/2019,42,45,41.060001,41.57,41.57,186322500
Uber,5/13/2019,38.790001,39.240002,36.080002,37.099998,37.099998,79442400
Uber,5/14/2019,38.310001,39.959999,36.849998,39.959999,39.959999,46661100
Uber,5/15/2019,39.369999,41.880001,38.950001,41.290001,41.290001,36086100
Uber,5/16/2019,41.48,44.060001,41.25,43,43,38115500
Uber,5/17/2019,41.98,43.290001,41.27,41.91,41.91,20225700
Uber,5/20/2019,41.189999,41.68,39.459999,41.59,41.59,29222300
Uber,5/21/2019,42,42.240002,41.25,41.5,41.5,10802900
Uber,5/22/2019,41.049999,41.279999,40.5,41.25,41.25,9089500
Uber,5/23/2019,40.799999,41.09,40.02,40.470001,40.470001,11119900
Uber,5/24/2019,41.279999,41.509998,40.5,41.509998,41.509998,8786800
Uber,5/28/2019,41.700001,41.799999,40.599998,40.950001,40.950001,13391600
Uber,5/29/2019,40.52,40.709999,39.146999,39.939999,39.939999,14060400
Uber,5/30/2019,40.07,40.380001,39.5,39.799999,39.799999,26451900
Uber,5/31/2019,41.150002,41.57,39.41,40.41,40.41,23209800
Uber,6/3/2019,40.743999,41.849998,40.240002,41.25,41.25,16605300
Uber,6/4/2019,42.560001,42.880001,40.700001,42.75,42.75,23432100
Uber,6/5/2019,42.869999,45.66,42.5,45,45,28609600
Uber,6/6/2019,45,45.75,44.279999,44.919998,44.919998,16403700
Uber,6/7/2019,44.919998,45.669998,44.130001,44.16,44.16,12654700
Uber,6/10/2019,44.02,44.59,42.529999,42.610001,42.610001,11618700
Uber,6/11/2019,43.220001,43.650002,41.799999,42.450001,42.450001,9095000
Uber,6/12/2019,42.52,42.650002,41.709999,42.169998,42.169998,5965300
Uber,6/13/2019,43.049999,44.349998,42.799999,44.310001,44.310001,10178900
Uber,6/14/2019,44.75,44.799999,43.110001,43.23,43.23,7902200
Uber,6/17/2019,43.279999,44.078999,42.93,43.779999,43.779999,6557600
Uber,6/18/2019,44.299999,44.889999,43.75,43.860001,43.860001,7313600
Uber,6/19/2019,44.459999,45.5,43.950001,44.860001,44.860001,10331500
Uber,6/20/2019,45.029999,45.290001,43.509998,43.860001,43.860001,9567400
Uber,6/21/2019,43.849998,44.139999,43.380001,44,44,4974000
Uber,6/24/2019,44,44.07,42.82,43.09,43.09,5985100
Uber,6/25/2019,43.279999,43.790001,42.443001,43.09,43.09,5753300
Uber,6/26/2019,43.25,43.400002,42.360001,42.5,42.5,8109100
Uber,6/27/2019,43.349998,45.299999,43.200001,45.130001,45.130001,20155100
Uber,6/28/2019,45.099998,47.080002,45.080002,46.380001,46.380001,28657000
Uber,7/1/2019,46.98,47.040001,44.060001,44.27,44.27,17660500
Uber,7/2/2019,44.549999,44.68,43.75,44,44,11881300
Uber,7/3/2019,44,44.459999,43.790001,44.23,44.23,3380000
Uber,7/5/2019,44.310001,44.549999,43.009998,43.529999,43.529999,8239500
Uber,7/8/2019,43.59,43.849998,42.75,42.950001,42.950001,9304100
Uber,7/9/2019,43.18,44.23,42.98,44.200001,44.200001,5251600
Uber,7/10/2019,44.48,44.799999,43.560001,43.700001,43.700001,9746500
Uber,7/11/2019,44.099998,44.290001,43.310001,43.990002,43.990002,8050900
Uber,7/12/2019,44.16,44.240002,43.389999,43.990002,43.990002,8760500
Uber,7/15/2019,44.200001,44.700001,43.970001,44.529999,44.529999,5811200
Uber,7/16/2019,44.599998,44.98,44.02,44.130001,44.130001,5613300
Uber,7/17/2019,44.060001,44.349998,43.52,43.619999,43.619999,5854100
Uber,7/18/2019,43.5,43.849998,43.189999,43.709999,43.709999,4078700
Uber,7/19/2019,43.900002,44.085999,43.16,43.18,43.18,4021000
Uber,7/22/2019,43.25,43.720001,43.009998,43.689999,43.689999,3815300
Uber,7/23/2019,43.75,44.310001,43.110001,43.360001,43.360001,5110100
Uber,7/24/2019,43.360001,43.869999,43.360001,43.759998,43.759998,3775700
Uber,7/25/2019,43.720001,43.959999,43.209999,43.400002,43.400002,4412000
Uber,7/26/2019,43.419998,44.959999,43.389999,44.52,44.52,7598800
Uber,7/29/2019,45,45.626999,43.119999,43.880001,43.880001,8652200
Uber,7/30/2019,43.709999,43.740002,42.490002,42.59,42.59,7686300
Uber,7/31/2019,42.599998,42.98,41.84,42.139999,42.139999,5970800
Uber,8/1/2019,42.139999,42.535999,41,41.310001,41.310001,7349700
Uber,8/2/2019,41.029999,41.060001,39.950001,40.400002,40.400002,8225700
Uber,8/5/2019,39.349998,39.419998,38.432999,39.049999,39.049999,9799300
Uber,8/6/2019,39.68,40.807999,38.360001,39.150002,39.150002,8570300
Uber,8/7/2019,39.060001,39.990002,38.32,39.700001,39.700001,8896000
Uber,8/8/2019,41.98,43,41.25,42.970001,42.970001,29610500
Uber,8/9/2019,39.560001,40.68,38.709999,40.049999,40.049999,35138800
Uber,8/12/2019,39.830002,39.950001,37,37,37,21231300
Uber,8/13/2019,37,37.459999,36.119999,36.450001,36.450001,18990600
Uber,8/14/2019,36,36.299999,33.360001,33.959999,33.959999,24481600
Uber,8/15/2019,34.52,34.549999,32.919998,33.220001,33.220001,13265800
Uber,8/16/2019,33.459999,35.48,33.400002,35.23,35.23,13883200
Uber,8/19/2019,35.529999,35.799999,34.369999,34.610001,34.610001,10853100
Uber,8/20/2019,34.48,36.07,34.389999,35.290001,35.290001,10760700
Uber,8/21/2019,35.5,35.830002,34.75,34.91,34.91,7923000
Uber,8/22/2019,34.799999,34.91,33.52,34,34,8513300
Uber,8/23/2019,33.650002,34.23,33.119999,33.43,33.43,8160600
Uber,8/26/2019,33.669998,33.830002,33.060001,33.310001,33.310001,5662500
Uber,8/27/2019,33.689999,34.240002,32.98,33.110001,33.110001,6574800
Uber,8/28/2019,32.560001,33.049999,32.259998,32.59,32.59,6245500
Uber,8/29/2019,32.900002,33.299999,32.599998,32.759998,32.759998,5772200
Uber,8/30/2019,33,33.130001,32.040001,32.57,32.57,6628700
Uber,9/3/2019,32.099998,32.529999,30.665001,30.700001,30.700001,12154000
Uber,9/4/2019,30.91,32.360001,30.85,31.99,31.99,10357600
Uber,9/5/2019,32.330002,33.029999,32.25,32.509998,32.509998,7933300
Uber,9/6/2019,32.709999,32.740002,31.41,31.860001,31.860001,7036000
Uber,9/9/2019,32.049999,32.389999,31.459999,32.240002,32.240002,7448400
Uber,9/10/2019,32,33.740002,31.65,33.509998,33.509998,10817100
Uber,9/11/2019,33.380001,35.139999,33.02,34,34,14715800
Uber,9/12/2019,34.139999,34.486,33.330002,34.07,34.07,7734800
Uber,9/13/2019,34.25,34.435001,32.939999,33.25,33.25,9428600
Uber,9/16/2019,33.599998,34.799999,33.470001,34.43,34.43,7942600
Uber,9/17/2019,34.75,34.75,33.549999,34.290001,34.290001,5561300
Uber,9/18/2019,34.349998,34.889999,33.75,34.259998,34.259998,6608300
Uber,9/19/2019,34.200001,34.639999,33.68,33.82,33.82,6869600
Uber,9/20/2019,33.98,34.216999,32.5,32.599998,32.599998,11935400
Uber,9/23/2019,32.52,33.009998,32.060001,33,33,5513000
Uber,9/24/2019,33,33.145,31.01,31.299999,31.299999,10579900
Uber,9/25/2019,31.27,31.719999,30.76,31.68,31.68,7875000
Uber,9/26/2019,31.719999,32.130001,31.129999,31.57,31.57,6058700
Uber,9/27/2019,31.709999,31.9,30.129999,30.290001,30.290001,11846700
Uber,9/30/2019,30.4,30.735001,30.17,30.469999,30.469999,4986600
Uber,10/1/2019,30.370001,30.51,28.65,29.15,29.15,13380200
Uber,10/2/2019,28.67,29.549999,28.309999,29,29,8782400
Uber,10/3/2019,28.969999,29.879999,28.52,29.719999,29.719999,9412000
Uber,10/4/2019,29.9,30.18,28.9,29.67,29.67,8597700
Uber,10/7/2019,30.6,30.75,29.83,30.370001,30.370001,10083800
Uber,10/8/2019,30.01,30.15,29.17,29.280001,29.280001,7769100
Uber,10/9/2019,29.620001,29.620001,28.809999,29.07,29.07,7112900
Uber,10/10/2019,29.209999,29.280001,28.58,28.870001,28.870001,7716300
Uber,10/11/2019,28.950001,30.4,28.940001,30.129999,30.129999,10216900
Uber,10/14/2019,30.219999,31.540001,29.819,31.120001,31.120001,7945400
Uber,10/15/2019,31.200001,32.169998,31.195,32,32,7843800
Uber,10/16/2019,31.799999,32.380001,31.438,31.870001,31.870001,7781600
Uber,10/17/2019,31.799999,32.93,31.450001,32.619999,32.619999,7200800
Uber,10/18/2019,32.549999,32.66,31.27,32.060001,32.060001,7844500
Uber,10/21/2019,31.950001,32.283001,31.184999,31.41,31.41,7203400
Uber,10/22/2019,31.41,33.889999,30.219999,32.529999,32.529999,19214800
Uber,10/23/2019,32.869999,33.27,32.169998,33.049999,33.049999,6709800
Uber,10/24/2019,33,33.419998,32.509998,33.279999,33.279999,6729300
Uber,10/25/2019,33.200001,33.48,32.610001,32.709999,32.709999,8077300
Uber,10/28/2019,32.900002,33.355,32.5,33.220001,33.220001,7532800
Uber,10/29/2019,32.369999,32.919998,31.815001,32.419998,32.419998,9319200
Uber,10/30/2019,32.509998,33.799999,32.110001,33.75,33.75,10732700
Uber,10/31/2019,33.23,33.360001,31.26,31.5,31.5,15912400
Uber,11/1/2019,31.450001,31.700001,30.740999,31.370001,31.370001,10434300
Uber,11/4/2019,31.450001,31.75,30.120001,31.08,31.08,28787400
Uber,11/5/2019,29.129999,29.299999,27.969999,28.02,28.02,51963500
Uber,11/6/2019,26.059999,27.549999,25.58,26.940001,26.940001,130965700
Uber,11/7/2019,26.799999,27.42,26.450001,27.379999,27.379999,65861400
Uber,11/8/2019,27.48,27.620001,26.915001,27.01,27.01,44923600
Uber,11/11/2019,27.030001,27.209999,26.23,27.139999,27.139999,41138100
Uber,11/12/2019,27.379999,27.66,26.66,26.700001,26.700001,37095400
Uber,11/13/2019,26.469999,26.82,26.139999,26.709999,26.709999,32678300
Uber,11/14/2019,26.799999,26.860001,25.665001,25.99,25.99,27893900
Uber,11/15/2019,26.18,26.799999,25.955,26.790001,26.790001,41236200
Uber,11/18/2019,26.799999,27,26.299999,26.75,26.75,35916100
Uber,11/19/2019,26.77,27.219999,26.610001,27.049999,27.049999,31793500
Uber,11/20/2019,27.059999,28.4,26.945,28.030001,28.030001,52746600
Uber,11/21/2019,28.67,29.6,28.5,29.459999,29.459999,54551400
Uber,11/22/2019,29.84,30.129999,29.209999,29.559999,29.559999,42302900
Uber,11/25/2019,28.690001,29.6,28.379999,29.110001,29.110001,36967500
Uber,11/26/2019,29.49,30.15,29.360001,29.530001,29.530001,28746600
Uber,11/27/2019,29.42,29.59,28.879999,29.49,29.49,22421400
Uber,11/29/2019,29.41,29.85,29.25,29.6,29.6,8115100
Uber,12/2/2019,29.32,29.525,28.700001,28.98,28.98,16927100
Uber,12/3/2019,28.200001,29.33,28.15,29.02,29.02,25252400
Uber,12/4/2019,29.1,29.200001,28.700001,29.059999,29.059999,22517600
Uber,12/5/2019,28.940001,28.99,28.18,28.65,28.65,22504300
Uber,12/6/2019,28.4,28.924999,27.799999,27.860001,27.860001,32816100
Uber,12/9/2019,27.959999,28.360001,27.68,27.68,27.68,20977300
Uber,12/10/2019,27.73,27.993,27.605,27.889999,27.889999,23602700
Uber,12/11/2019,27.99,28.545,27.85,28.42,28.42,23281700
Uber,12/12/2019,28.290001,28.75,28.190001,28.690001,28.690001,23569900
Uber,12/13/2019,28.58,28.84,28.27,28.49,28.49,25431600
Uber,12/16/2019,29.110001,30.129999,29.1,30.049999,30.049999,57382500
Uber,12/17/2019,30.370001,30.42,29.530001,29.75,29.75,38250700
Uber,12/18/2019,29.620001,30.139999,29.34,30.129999,30.129999,35375100
Uber,12/19/2019,29.84,30.17,29.530001,29.99,29.99,33799700
Uber,12/20/2019,30.1,31.030001,29.85,30.450001,30.450001,95455100
Uber,12/23/2019,30.49,30.940001,29.83,30.33,30.33,31209100
Uber,12/24/2019,30.33,30.84,30.110001,30.440001,30.440001,12938600
Uber,12/26/2019,30.469999,30.790001,30.030001,30.67,30.67,22200800
Uber,12/27/2019,30.799999,31.059999,30.17,30.17,30.17,18462200
Uber,12/30/2019,30.129999,30.200001,29.35,29.74,29.74,18805900
Uber,12/31/2019,29.110001,29.950001,28.9,29.74,29.74,16228400
Uber,1/2/2020,29.940001,31,29.790001,30.99,30.99,20578900
Uber,1/3/2020,30.620001,31.43,30.48,31.370001,31.370001,18822700
Uber,1/6/2020,31.01,32.060001,31,31.58,31.58,21204700
Uber,1/7/2020,31.790001,32.84,31.360001,32.810001,32.810001,30119600
Uber,1/8/2020,32.73,34.52,32.459999,33.93,33.93,43944400
Uber,1/9/2020,34.450001,34.470001,33.220001,33.970001,33.970001,29385500
Uber,1/10/2020,34.080002,34.990002,33.834999,34.009998,34.009998,34266400
Uber,1/13/2020,34.290001,34.34,33.549999,34.139999,34.139999,16915800
Uber,1/14/2020,34.200001,35.02,33.919998,34.84,34.84,26019000
Uber,1/15/2020,34.900002,35.148998,34.509998,35.009998,35.009998,20762200
Uber,1/16/2020,35.029999,35.060001,34.18,34.68,34.68,21947800
Uber,1/17/2020,34.970001,35.25,34.650002,35.130001,35.130001,17251200
Uber,1/21/2020,35.5,37.799999,35.41,37.599998,37.599998,48746700
Uber,1/22/2020,37.939999,37.939999,36.919998,37.040001,37.040001,29765200
Uber,1/23/2020,36.970001,37.950001,36.724998,37.400002,37.400002,21366000
Uber,1/24/2020,37.5,37.665001,36.25,36.799999,36.799999,21598000
Uber,1/27/2020,35.23,36.650002,34.189999,36.299999,36.299999,18818000
Uber,1/28/2020,37.139999,37.330002,36.040001,37.009998,37.009998,28974000
Uber,1/29/2020,36.98,37.564999,36.799999,36.990002,36.990002,16863000
Uber,1/30/2020,36.82,37.132,35.950001,36.68,36.68,22847000
Uber,1/31/2020,37,37.040001,35.689999,36.290001,36.290001,21553700
Uber,2/3/2020,36.75,37.639999,36.529999,37.59,37.59,23494600
Uber,2/4/2020,37.869999,38.990002,37.259998,38.529999,38.529999,32425900
Uber,2/5/2020,38.889999,38.970001,36.735001,36.810001,36.810001,38413300
Uber,2/6/2020,37.299999,37.389999,36.73,37.09,37.09,52699300
Uber,2/7/2020,39.98,41,38.860001,40.630001,40.630001,112325800
Uber,2/10/2020,40.650002,41.34,39.959999,40.009998,40.009998,60840800
Uber,2/11/2020,40.25,41.465,40.049999,41.27,41.27,33896000
Uber,2/12/2020,41.5,41.860001,41.064999,41.25,41.25,26444900
Uber,2/13/2020,40.93,41.549999,40,40.09,40.09,23850900
Uber,2/14/2020,40.02,40.310001,38.700001,39.66,39.66,32014200
Uber,2/18/2020,39.490002,40.27,39.450001,40.18,40.18,22149300
Uber,2/19/2020,40.419998,41.23,40.115002,41.049999,41.049999,23287300
Uber,2/20/2020,41,41.189999,39.849998,40.919998,40.919998,25446400
Uber,2/21/2020,40.889999,40.889999,40.049999,40.720001,40.720001,20595500
Uber,2/24/2020,38.209999,39.139999,37.75,38.310001,38.310001,37123200
Uber,2/25/2020,38.900002,39.150002,35.5,35.889999,35.889999,49281600
Uber,2/26/2020,35.529999,36.165001,33.889999,34.450001,34.450001,44051400
Uber,2/27/2020,32.029999,34.16,30.67,32.450001,32.450001,66557200
Uber,2/28/2020,31.809999,34.290001,31,33.869999,33.869999,52049300
Uber,3/2/2020,34.049999,34.080002,31.74,32.849998,32.849998,46662000
Uber,3/3/2020,34.02,34.18,31.9,33.040001,33.040001,35182400
Uber,3/4/2020,33.93,35.34,32.279999,34.529999,34.529999,44738600
Uber,3/5/2020,33.470001,33.57,31.969999,32.209999,32.209999,32764500
Uber,3/6/2020,31.23,32.41,30.450001,31.68,31.68,34808700
Uber,3/9/2020,28.5,30.32,28.15,28.17,28.17,37439200
Uber,3/10/2020,29.469999,29.860001,27,28.969999,28.969999,36308300
Uber,3/11/2020,27.91,28.139999,25.610001,26.24,26.24,43067800
Uber,3/12/2020,23.26,24.690001,22.110001,22.610001,22.610001,54042000
Uber,3/13/2020,24.01,24.809999,21.129999,22.6,22.6,53844400
Uber,3/16/2020,20.15,21.49,19.1,20.290001,20.290001,56914000
Uber,3/17/2020,20.18,20.309999,18.01,18.91,18.91,60003900
Uber,3/18/2020,17.76,17.799999,13.71,14.82,14.82,78286200
Uber,3/19/2020,15.96,21.26,15.7,20.49,20.49,83988700
Uber,3/20/2020,22.530001,23.889999,20.610001,21.33,21.33,76529700
Uber,3/23/2020,21.07,22.73,19.73,22.4,22.4,47787100
Uber,3/24/2020,24.41,26.84,23.59,26.389999,26.389999,58505000
Uber,3/25/2020,26.18,28.450001,25.309999,26.190001,26.190001,52473900
Uber,3/26/2020,26.6,28.440001,25.780001,28.120001,28.120001,41336400
Uber,3/27/2020,25.82,28.030001,25.07,27.280001,27.280001,40292200
Uber,3/30/2020,26.33,28.389999,25.309999,27.83,27.83,37725700
Uber,3/31/2020,27.75,28.25,26.92,27.92,27.92,43126400
Uber,4/1/2020,26.5,26.767,24.809999,25.42,25.42,38538400
Uber,4/2/2020,25.01,25.200001,23,23.68,23.68,35838200
Uber,4/3/2020,23.73,23.790001,21.67,22.82,22.82,40572000
Uber,4/6/2020,24.129999,26.09,23.93,25.99,25.99,34692600
Uber,4/7/2020,27.950001,28.110001,25.5,25.74,25.74,36433800
Uber,4/8/2020,26,27.878,25.790001,26.940001,26.940001,36166900
Uber,4/9/2020,27.879999,28.889999,26.459999,27.110001,27.110001,36190200
Uber,4/13/2020,27.040001,28.08,26.469999,27.99,27.99,24671600
Uber,4/14/2020,28,28.77,27.013,27.75,27.75,32625300
Uber,4/15/2020,26.82,27.790001,26.440001,27.41,27.41,18720900
Uber,4/16/2020,27.209999,28.049999,26.459999,27.030001,27.030001,24088700
Uber,4/17/2020,28.690001,28.790001,27.26,28,28,34129800
Uber,4/20/2020,27.07,28.76,26.9,28.190001,28.190001,32224000
Uber,4/21/2020,27.5,28.15,26.6,27.190001,27.190001,20969100
Uber,4/22/2020,27.969999,28.559999,27.51,28.24,28.24,21199400
Uber,4/23/2020,28.75,29.25,28.240999,28.33,28.33,26992400
Uber,4/24/2020,28.51,29.59,28.139999,29.49,29.49,20634900
Uber,4/27/2020,29.74,30.49,29.410999,30.08,30.08,31705800
Uber,4/28/2020,31,31.83,29.360001,30.120001,30.120001,27383200
Uber,4/29/2020,31,32,30.33,31.370001,31.370001,28288100
Uber,4/30/2020,30.5,31.049999,29.75,30.27,30.27,20095400
Uber,5/1/2020,29.129999,29.719999,28.325001,28.389999,28.389999,19290200
Uber,5/4/2020,27.559999,28.07,26.58,27.42,27.42,23428300
Uber,5/5/2020,28.25,28.909,27.440001,28.07,28.07,30725400
Uber,5/6/2020,27.5,28.059999,26.809999,27.82,27.82,31076500
Uber,5/7/2020,29.6,31.65,29.58,30.93,30.93,62229500
Uber,5/8/2020,32.59,33.299999,31.639999,32.790001,32.790001,69458100
Uber,5/11/2020,31.98,32.384998,31.41,31.639999,31.639999,26439200
Uber,5/12/2020,31.42,34.450001,30.41,32.400002,32.400002,89586000
Uber,5/13/2020,32.299999,33.060001,30.83,33.02,33.02,47279500
Uber,5/14/2020,32.529999,33.040001,31.24,32.790001,32.790001,32912600
Uber,5/15/2020,32.259998,32.889999,31.59,32.470001,32.470001,25950000
Uber,5/18/2020,33.700001,36,32.990002,33.619999,33.619999,47534600
Uber,5/19/2020,33.68,34,32.860001,33.400002,33.400002,20223600
Uber,5/20/2020,34.119999,34.77,33.82,34.48,34.48,21386700
Uber,5/21/2020,34.450001,35.009998,33.470001,34.259998,34.259998,24075300
Uber,5/22/2020,34.150002,34.93,33.57,34.830002,34.830002,18675700
Uber,5/26/2020,35.970001,36,34.5,34.560001,34.560001,23483200
Uber,5/27/2020,34.419998,35,33.099998,34.880001,34.880001,27514600
Uber,5/28/2020,34.900002,35.099998,33.82,34.150002,34.150002,21951900
Uber,5/29/2020,34.18,36.450001,34,36.32,36.32,72393800
Uber,6/1/2020,35.639999,36.389999,35.16,35.82,35.82,21893800
Uber,6/2/2020,36.16,36.419998,35.259998,35.810001,35.810001,19328400
Uber,6/3/2020,36.200001,37.368,36.139999,36.75,36.75,23051800
Uber,6/4/2020,36.419998,37.299999,36.279999,36.43,36.43,17423600
Uber,6/5/2020,37.529999,38.783001,36.919998,37.209999,37.209999,30393400
Uber,6/8/2020,37.869999,37.900002,36.09,37.080002,37.080002,30099500
Uber,6/9/2020,36.700001,37.330002,36.25,36.59,36.59,15127300
Uber,6/10/2020,36.689999,36.799999,34.264999,34.830002,34.830002,43473700
Uber,6/11/2020,32.630001,33.244999,30.889999,31.1,31.1,45298700
Uber,6/12/2020,32.73,32.740002,31.040001,32.240002,32.240002,27685200
Uber,6/15/2020,31.16,32.68,31.02,32.669998,32.669998,21350300
Uber,6/16/2020,34,34.169998,32.43,33.490002,33.490002,21377100
Uber,6/17/2020,33.5,33.595001,33.011002,33.290001,33.290001,14827700
Uber,6/18/2020,33,33.439999,32.799999,33.400002,33.400002,15495800
Uber,6/19/2020,33.98,34.02,32.27,32.299999,32.299999,29426300
Uber,6/22/2020,32.43,32.849998,31.43,32.68,32.68,17790300
Uber,6/23/2020,32.880001,33.209999,32.59,33.049999,33.049999,13622100
Uber,6/24/2020,32.75,32.93,30.455,30.459999,30.459999,29477200
Uber,6/25/2020,30,30.855,29.559999,30.58,30.58,19142800
Uber,6/26/2020,30.440001,30.440001,29.209999,29.610001,29.610001,46482300
Uber,6/29/2020,29.51,29.75,28.389999,29.629999,29.629999,20795400
Uber,6/30/2020,30.83,31.25,30.129999,31.08,31.08,21282800
Uber,7/1/2020,30.959999,31.264999,30.162001,30.43,30.43,13611500
Uber,7/2/2020,31.02,31.57,30.51,30.68,30.68,14981100
Uber,7/6/2020,33.099998,33.200001,31.76,32.52,32.52,42392200
Uber,7/7/2020,32.459999,33.560001,32.389999,32.82,32.82,34874700
Uber,7/8/2020,33.209999,33.970001,32.68,33.93,33.93,24602400
Uber,7/9/2020,34.240002,34.459999,32.259998,33.150002,33.150002,25061800
Uber,7/10/2020,33.139999,33.549999,32.650002,33.139999,33.139999,13586300
Uber,7/13/2020,33.209999,33.599998,31.66,31.719999,31.719999,19604800
Uber,7/14/2020,31.35,31.379999,30.48,30.93,30.93,21781800
Uber,7/15/2020,32.099998,32.970001,31.68,32.810001,32.810001,20976500
Uber,7/16/2020,32.049999,32.59,31.549999,32.349998,32.349998,11090800
Uber,7/17/2020,32.580002,32.816002,31.85,32.549999,32.549999,13658700
Uber,7/20/2020,32.48,33.924999,32.349998,33.66,33.66,16213600
Uber,7/21/2020,34.16,34.23,32.529999,32.549999,32.549999,16725100
Uber,7/22/2020,32.439999,32.880001,32.330002,32.66,32.66,12128400
Uber,7/23/2020,32.330002,33.02,31.983,32.169998,32.169998,12749800
Uber,7/24/2020,31.74,31.799999,30.469999,31.18,31.18,16896100
Uber,7/27/2020,31.209999,31.6,30.75,30.99,30.99,10182300
Uber,7/28/2020,30.790001,31.24,30.35,30.809999,30.809999,12977100
Uber,7/29/2020,30.92,31.26,30.77,31.02,31.02,8215900
Uber,7/30/2020,30.65,30.68,29.969999,30.24,30.24,13062900
Uber,7/31/2020,30.4,30.42,29.785,30.26,30.26,16346800
Uber,8/3/2020,30.24,31.295,30.059999,31.190001,31.190001,17078900
Uber,8/4/2020,31.17,32.845001,31.17,32.68,32.68,21958100
Uber,8/5/2020,33.099998,33.32,32.5,33.200001,33.200001,16987800
Uber,8/6/2020,33.27,34.794998,33.209999,34.709999,34.709999,38601500
Uber,8/7/2020,33.09,33.700001,32.450001,32.900002,32.900002,39071200
Uber,8/10/2020,33.040001,33.18,31.51,32.27,32.27,21347600
Uber,8/11/2020,31.66,32.209999,30.65,31.209999,31.209999,31569900
Uber,8/12/2020,31.459999,32.220001,30.690001,30.84,30.84,23375900
Uber,8/13/2020,30.52,31.33,30.32,30.459999,30.459999,21976800
Uber,8/14/2020,30.4,30.49,29.815001,29.99,29.99,17631600
Uber,8/17/2020,30.049999,30.120001,29.139999,29.48,29.48,18544700
Uber,8/18/2020,29.5,30.459999,29.41,30.08,30.08,29398200
Uber,8/19/2020,30.15,30.349001,29.389999,29.42,29.42,14050300
Uber,8/20/2020,29.129999,31.700001,28.48,31.41,31.41,56663300
Uber,8/21/2020,31.389999,31.82,30.714001,30.83,30.83,20217000
Uber,8/24/2020,30.969999,31.299999,30.370001,31.040001,31.040001,17406200
Uber,8/25/2020,31.040001,31.190001,30.6,31.190001,31.190001,10056800
Uber,8/26/2020,31.01,32.709999,30.950001,32.299999,32.299999,20599800
Uber,8/27/2020,32.400002,33.07,32.27,32.799999,32.799999,21306500
Uber,8/28/2020,33,33.939999,32.82,33.799999,33.799999,17825600
Uber,8/31/2020,33.619999,33.919998,33.139999,33.630001,33.630001,14980600
Uber,9/1/2020,33.450001,34.509998,33.145,34.299999,34.299999,16013900
Uber,9/2/2020,34.209999,34.505001,33.290001,34.369999,34.369999,16552700
Uber,9/3/2020,34.080002,34.740002,32.950001,33.41,33.41,17288800
Uber,9/4/2020,33.330002,33.650002,31.549999,33.240002,33.240002,17480600
Uber,9/8/2020,32.360001,35.099998,32.16,34.32,34.32,33683500
Uber,9/9/2020,34.110001,35.5,34.110001,35.009998,35.009998,22803500
Uber,9/10/2020,35.200001,36.779999,35.189999,35.98,35.98,35468300
Uber,9/11/2020,36.299999,37.145,36.254002,36.98,36.98,27130900
Uber,9/14/2020,37.099998,38,37.080002,37.950001,37.950001,28016000
Uber,9/15/2020,37.950001,38.48,37.27,37.470001,37.470001,23532600
Uber,9/16/2020,37.389999,38.52,37.389999,37.66,37.66,21787100
Uber,9/17/2020,36.68,37.445,36.139999,37.060001,37.060001,23534800
Uber,9/18/2020,37.150002,37.564999,36.389999,37.119999,37.119999,68428600
Uber,9/21/2020,35.860001,36.580002,35.119999,36.490002,36.490002,19100800
Uber,9/22/2020,36.529999,36.549999,34.099998,34.400002,34.400002,28242800
Uber,9/23/2020,34.450001,34.805,33.400002,33.549999,33.549999,15796900
Uber,9/24/2020,33.66,34,32.889999,33.349998,33.349998,16404100
Uber,9/25/2020,33.200001,34.5,33.200001,34.459999,34.459999,10736300
Uber,9/28/2020,35.799999,36.625,35.259998,35.560001,35.560001,22878400
Uber,9/29/2020,35.560001,35.650002,34.595001,35.43,35.43,16488700
Uber,9/30/2020,35.279999,36.5,35.279999,36.48,36.48,21386300
Uber,10/1/2020,36.860001,37.827999,36.580002,37.139999,37.139999,19187500
Uber,10/2/2020,36,37.990002,35.939999,37.720001,37.720001,20123400
Uber,10/5/2020,37.700001,38,36.880001,37.139999,37.139999,13093100
Uber,10/6/2020,37.169998,37.369999,36.040001,36.259998,36.259998,13074700
Uber,10/7/2020,36.59,37.110001,36.365002,36.779999,36.779999,13782100
Uber,10/8/2020,37,37.830002,36.959999,37.34,37.34,12212400
Uber,10/9/2020,37.91,38.349998,37.189999,37.27,37.27,13172000
Uber,10/12/2020,37.560001,37.560001,36.174999,36.259998,36.259998,16569400
Uber,10/13/2020,36.220001,36.23,35.02,35.560001,35.560001,15463100
Uber,10/14/2020,35.689999,36.09,35.075001,35.110001,35.110001,15397200
Uber,10/15/2020,34.68,34.810001,34.02,34.259998,34.259998,15443800
Uber,10/16/2020,34.779999,34.799999,33.610001,33.720001,33.720001,14899700
Uber,10/19/2020,34.16,34.59,34,34.220001,34.220001,19278600
Uber,10/20/2020,34.529999,36.759998,34.529999,36.310001,36.310001,29820700
Uber,10/21/2020,36.25,36.25,34.875,35.200001,35.200001,19058700
Uber,10/22/2020,35.419998,36.889999,34.915001,36.700001,36.700001,14243600
Uber,10/23/2020,36.5,36.990002,35.924,36.75,36.75,15960600
Uber,10/26/2020,36.5,36.740002,35.119999,35.490002,35.490002,12511700
Uber,10/27/2020,35.509998,35.700001,34.02,34.16,34.16,13692100
Uber,10/28/2020,33.619999,33.66,32.900002,33.650002,33.650002,15787900
Uber,10/29/2020,33.709999,34.935001,33.330002,34.060001,34.060001,13735300
Uber,10/30/2020,33.91,34.389999,33.154999,33.41,33.41,13506200
Uber,11/2/2020,34.150002,35.049999,34.060001,34.810001,34.810001,18350500
Uber,11/3/2020,35.27,36.150002,35.150002,35.77,35.77,16208800
Uber,11/4/2020,40.66,42.150002,39,40.990002,40.990002,101818200
Uber,11/5/2020,40.330002,42.049999,40.009998,41.959999,41.959999,34177600
Uber,11/6/2020,42.09,45.380001,41.619999,44.869999,44.869999,57670700
Uber,11/9/2020,48.009998,49.619999,47.299999,48.18,48.18,61632300
Uber,11/10/2020,46.740002,49.360001,46.044998,47,47,33079800
Uber,11/11/2020,46.720001,47.52,45.91,46.23,46.23,19213700
Uber,11/12/2020,45.389999,47.470001,45.049999,46.400002,46.400002,16251600
Uber,11/13/2020,47.110001,47.790001,45.93,47.610001,47.610001,15552400
Uber,11/16/2020,48.740002,50.09,48.48,49.209999,49.209999,29301700
Uber,11/17/2020,48.720001,49.619999,48.5,48.889999,48.889999,16638300
Uber,11/18/2020,48.77,49.950001,48.330002,49.110001,49.110001,17783500
Uber,11/19/2020,49.099998,49.91,48.650002,49.259998,49.259998,13480300
Uber,11/20/2020,49.98,50.75,48.27,48.43,48.43,17330400
Uber,11/23/2020,48.66,50.880001,48.509998,50.040001,50.040001,17147100
Uber,11/24/2020,50.619999,52.150002,50.484001,51.259998,51.259998,16216200
Uber,11/25/2020,51.27,51.450001,49.919998,50.799999,50.799999,11641600
Uber,11/27/2020,50.93,51.189999,50.200001,50.720001,50.720001,8339200
Uber,11/30/2020,50.220001,51.005001,48.529999,49.66,49.66,17221500
Uber,12/1/2020,50,51.41,49.07,49.630001,49.630001,20605500
Uber,12/2/2020,49.259998,53.450001,48.529999,53.09,53.09,30381500
Uber,12/3/2020,53.299999,53.490002,52.119999,52.52,52.52,13122400
Uber,12/4/2020,52.709999,54.860001,52.709999,54.860001,54.860001,22207900
Uber,12/7/2020,54.59,54.869999,53.650002,53.799999,53.799999,13764400
Uber,12/8/2020,52.400002,54.220001,52.349998,53.009998,53.009998,26167300
Uber,12/9/2020,53.98,56.02,53.060001,53.790001,53.790001,46777900
Uber,12/10/2020,52.330002,54.619999,51.299999,54.349998,54.349998,20207700
Uber,12/11/2020,54.470001,55.025002,52.330002,52.630001,52.630001,16817900
Uber,12/14/2020,53.27,53.439999,51.240002,51.459999,51.459999,19048500
Uber,12/15/2020,52.119999,52.825001,50.869999,51,51,17504700
Uber,12/16/2020,51.18,51.68,50.290001,50.490002,50.490002,19577800
Uber,12/17/2020,50.59,51.299999,50.169998,50.630001,50.630001,19688300
Uber,12/18/2020,50.810001,50.950001,49.52,50.619999,50.619999,24355200
Uber,12/21/2020,49,52.349998,48.790001,51.799999,51.799999,23562900
Uber,12/22/2020,52.110001,54.360001,51.919998,53.779999,53.779999,23871800
Uber,12/23/2020,53.799999,54.09,52.990002,53.709999,53.709999,12671100
Uber,12/24/2020,53.599998,53.625,52.290001,52.880001,52.880001,6316800
Uber,12/28/2020,53.02,53.130001,51.560001,51.970001,51.970001,12059000
Uber,12/29/2020,52.330002,52.990002,51.470001,52.27,52.27,10140600
Uber,12/30/2020,52.720001,53.849998,52.220001,53.150002,53.150002,9518600
Uber,12/31/2020,53.279999,53.279999,51,51,51,13282800
Uber,1/4/2021,52.220001,52.32,49.634998,51.139999,51.139999,17291800
Uber,1/5/2021,51,54.189999,50.759998,54.009998,54.009998,21403200
Uber,1/6/2021,53.310001,54.07,52,52.48,52.48,17738100
Uber,1/7/2021,53.369999,56.25,53.200001,56.130001,56.130001,23737500
Uber,1/8/2021,54.395,54.790001,52.580002,53.279999,53.279999,37999400
Uber,1/11/2021,53.110001,55,52.990002,54.59,54.59,23213800
Uber,1/12/2021,55.5,59.389999,55,58.540001,58.540001,52128200
Uber,1/13/2021,58.540001,59.880001,57.529999,59.400002,59.400002,24178500
Uber,1/14/2021,60,60.029999,56.700001,56.91,56.91,26561000
Uber,1/15/2021,57.490002,57.900002,55,55.52,55.52,23708800
Uber,1/19/2021,56.389999,56.841999,55,56.299999,56.299999,16953700
Uber,1/20/2021,57,57.98,55.470001,56.380001,56.380001,16904300
Uber,1/21/2021,56.57,57,55.313999,55.790001,55.790001,13432000
Uber,1/22/2021,55.25,55.470001,54.009998,54.310001,54.310001,19570500
Uber,1/25/2021,54.5,54.52,49.650002,54.290001,54.290001,40890100
Uber,1/26/2021,54.619999,55.52,51.529999,51.919998,51.919998,25677000
Uber,1/27/2021,49.970001,50.860001,47.150002,48.110001,48.110001,33283400
Uber,1/28/2021,50.119999,52.52,49.880001,51.580002,51.580002,28114700
Uber,1/29/2021,50.630001,51.490002,49.634998,50.93,50.93,18743200
Uber,2/1/2021,52.119999,52.900002,51.349998,52.759998,52.759998,15570900
Uber,2/2/2021,55.110001,58.029999,54.889999,56.459999,56.459999,30286800
Uber,2/3/2021,57.869999,58.130001,56.740002,57.119999,57.119999,13519000
Uber,2/4/2021,56.450001,57.849998,56.110001,57.849998,57.849998,13841600
Uber,2/5/2021,58.16,58.708,57.369999,58.580002,58.580002,15729200
Uber,2/8/2021,59.700001,60.110001,58.689999,59.290001,59.290001,18403700
Uber,2/9/2021,58.91,61.060001,58.619999,59.610001,59.610001,23510700
Uber,2/10/2021,62,63.5,60.799999,63.18,63.18,36972900
Uber,2/11/2021,63.25,64.050003,60.395,60.709999,60.709999,41363400
Uber,2/12/2021,60.119999,60.93,59.314999,60.630001,60.630001,14607800
Uber,2/16/2021,61.02,61.310001,59.84,60.52,60.52,15413100
Uber,2/17/2021,60.330002,60.950001,58.950001,60.810001,60.810001,12670000
Uber,2/18/2021,60,60.290001,58.23,59,59,15135600
Uber,2/19/2021,58.360001,60.457001,58.112999,58.389999,58.389999,28097000
Uber,2/22/2021,57.759998,58.099998,54.816002,55.310001,55.310001,25565400
Uber,2/23/2021,53.5,56.369999,51.889999,56,56,23947500
Uber,2/24/2021,54.950001,55.150002,53.66,53.91,53.91,24627000
Uber,2/25/2021,54.580002,54.599998,50.860001,51.450001,51.450001,27049100
Uber,2/26/2021,52.07,52.75,50.610001,51.75,51.75,16349800
Uber,3/1/2021,53.669998,54.759998,53.299999,54.400002,54.400002,18481100
Uber,3/2/2021,55.540001,55.619999,54.188999,54.650002,54.650002,15199500
Uber,3/3/2021,55.93,57.799999,54.650002,56.110001,56.110001,28485400
Uber,3/4/2021,55.75,57.16,51.610001,53.07,53.07,27409600
Uber,3/5/2021,54.279999,55.830002,50.810001,55.540001,55.540001,31576200
Uber,3/8/2021,55.5,56.450001,52.889999,53.200001,53.200001,19912100
Uber,3/9/2021,56,56.150002,54.720001,55.25,55.25,17192900
Uber,3/10/2021,57.209999,58.900002,56.27,57.68,57.68,27997000
Uber,3/11/2021,58.799999,59.48,58.220001,58.950001,58.950001,17293800
Uber,3/12/2021,58.970001,60.59,57.619999,60.349998,60.349998,14839300
Uber,3/15/2021,60.349998,60.529999,59.119999,60.189999,60.189999,14985000
Uber,3/16/2021,59.990002,61.02,58.380001,58.849998,58.849998,12885700
Uber,3/17/2021,57.07,57.57,55.540001,56.360001,56.360001,25509900
Uber,3/18/2021,56.630001,57.48,55.209999,55.689999,55.689999,15737000
Uber,3/19/2021,55.48,57.18,54.34,57.080002,57.080002,17396300
Uber,3/22/2021,57.25,57.610001,55.470001,55.689999,55.689999,14149400
Uber,3/23/2021,55.630001,55.630001,53.110001,53.490002,53.490002,14513500
Uber,3/24/2021,54.459999,54.959999,52.540001,52.57,52.57,13700800
Uber,3/25/2021,52,54.279999,51.799999,53.889999,53.889999,13210700
Uber,3/26/2021,54.41,55.25,53.52,54.709999,54.709999,13528200
Uber,3/29/2021,54.799999,54.799999,52.849998,53.349998,53.349998,9724800
Uber,3/30/2021,52.990002,54.119999,52.639999,53.459999,53.459999,9497200
Uber,3/31/2021,53.959999,55.18,53.580002,54.509998,54.509998,14760500
Uber,4/1/2021,55.610001,57.630001,54.810001,57.599998,57.599998,18703400
Uber,4/5/2021,58.099998,58.419998,56.639999,57.400002,57.400002,13490200
Uber,4/6/2021,57.34,58.990002,57.16,58.049999,58.049999,13579200
Uber,4/7/2021,58.02,58.130001,55.950001,56.889999,56.889999,12921900
Uber,4/8/2021,56.650002,57.939999,56.540001,57.830002,57.830002,9498500
Uber,4/9/2021,57.32,57.880001,56.400002,57.68,57.68,10228500
Uber,4/12/2021,59.049999,60.77,58.75,59.439999,59.439999,36041300
Uber,4/13/2021,59.650002,61.009998,58.529999,60.639999,60.639999,21006100
Uber,4/14/2021,60.110001,61.5,59.18,59.23,59.23,18959800
Uber,4/15/2021,59.880001,61.09,59.549999,60.740002,60.740002,17500200
Uber,4/16/2021,60.740002,60.849998,59.540001,60.349998,60.349998,11856100
Uber,4/19/2021,60,60.220001,57.52,57.849998,57.849998,16956900
Uber,4/20/2021,58,58.119999,55.243999,55.48,55.48,19081100
Uber,4/21/2021,55,56.200001,54.610001,55.77,55.77,11523900
Uber,4/22/2021,55.849998,57.219002,55.189999,56.279999,56.279999,16936200
Uber,4/23/2021,56.560001,57.950001,56.389999,57.93,57.93,8758800
Uber,4/26/2021,58.049999,58.360001,57.330002,57.610001,57.610001,8361600
Uber,4/27/2021,58.32,58.400002,57.049999,57.16,57.16,12926800
Uber,4/28/2021,56.880001,58.48,56.66,58.439999,58.439999,9269700
Uber,4/29/2021,59,59.220001,53.110001,54.93,54.93,43408000
Uber,4/30/2021,54.299999,55.650002,54.110001,54.77,54.77,16736600
Uber,5/3/2021,55.119999,56.130001,54.84,54.849998,54.849998,13903300
Uber,5/4/2021,54.52,54.720001,52.009998,52.990002,52.990002,19336600
Uber,5/5/2021,53.869999,54.07,50.630001,51.18,51.18,43970500
Uber,5/6/2021,48.389999,49.810001,45.720001,46.650002,46.650002,79242400
Uber,5/7/2021,47.220001,48.599998,46.535,47.029999,47.029999,27933900
Uber,5/10/2021,47.709999,47.849998,45.599998,45.790001,45.790001,28309800
Uber,5/11/2021,44.5,46.790001,44.181999,46.209999,46.209999,29106900
Uber,5/12/2021,45.900002,46.105,43.169998,43.810001,43.810001,32117400
Uber,5/13/2021,44.990002,46.099998,43.560001,44.48,44.48,36205100
Uber,5/14/2021,45.029999,47.709999,44.849998,47.419998,47.419998,25323300
Uber,5/17/2021,47.240002,47.939999,46.509998,47.509998,47.509998,17475300
Uber,5/18/2021,49.669998,50.290001,48.525002,49.169998,49.169998,28244400
Uber,5/19/2021,47.529999,49.830002,47.369999,49.470001,49.470001,16517500
Uber,5/20/2021,49.57,49.950001,48.759998,49.330002,49.330002,18822300
Uber,5/21/2021,49.57,49.950001,48.759998,48.82,48.82,20013200
Uber,5/24/2021,49.330002,50.400002,48.849998,50.029999,50.029999,16768400
Uber,5/25/2021,50.740002,51.59,50.439999,50.459999,50.459999,16930900
Uber,5/26/2021,50.32,51.360001,49.759998,51.119999,51.119999,16393700
Uber,5/27/2021,51.439999,51.689999,48.720001,50.709999,50.709999,51346000
Uber,5/28/2021,50.674999,51.740002,50.470001,50.830002,50.830002,14226800
Uber,6/1/2021,51.619999,51.66,49.84,50.98,50.98,16583800
Uber,6/2/2021,51.189999,51.41,50.549999,50.790001,50.790001,13484200
Uber,6/3/2021,50.43,50.5,48.529999,48.700001,48.700001,14712900
Uber,6/4/2021,49.560001,50.220001,49.07,50.18,50.18,10409800
Uber,6/7/2021,50.490002,51.220001,49.75,50.759998,50.759998,16466200
Uber,6/8/2021,50.700001,51.400002,48.66,49.880001,49.880001,19672700
Uber,6/9/2021,50,50.169998,49.110001,49.139999,49.139999,12615200
Uber,6/10/2021,49.689999,49.895,48.424999,49.549999,49.549999,14926500
Uber,6/11/2021,50.029999,50.360001,49.535,50.009998,50.009998,12127100
Uber,6/14/2021,50.060001,51.490002,49.560001,50.77,50.77,15437300
Uber,6/15/2021,49.549999,49.955002,49.09,49.299999,49.299999,20358600
Uber,6/16/2021,49.349998,49.66,48.290001,48.889999,48.889999,18975800
Uber,6/17/2021,48.959999,49.834999,48.310001,49.700001,49.700001,18911400
Uber,6/18/2021,49.310001,50.389999,48.775002,49.700001,49.700001,20633500
Uber,6/21/2021,49.720001,49.860001,47.900002,48.119999,48.119999,30752200
Uber,6/22/2021,48.299999,49.34,47.75,49.049999,49.049999,19472500
Uber,6/23/2021,49.060001,50.77,49.009998,50.509998,50.509998,19843300
Uber,6/24/2021,51.299999,51.549999,50.220001,50.82,50.82,12403300
Uber,6/25/2021,51.18,51.830002,50.529999,51.73,51.73,25727800
Uber,6/28/2021,51.75,52.360001,50.365002,51.110001,51.110001,22518000
Uber,6/29/2021,51,51.299999,50.240002,50.759998,50.759998,14104200
Uber,6/30/2021,51.02,51.130001,49.709999,50.119999,50.119999,18069400
Uber,7/1/2021,50.880001,51.599998,50.02,50.59,50.59,17727600
Uber,7/2/2021,50.57,51.825001,50.389999,51.709999,51.709999,13690400
Uber,7/6/2021,50.599998,52.029999,50.400002,50.799999,50.799999,21357800
Uber,7/7/2021,50.799999,51.029999,48.540001,48.68,48.68,24559500
Uber,7/8/2021,47.16,48.209999,46.57,47.549999,47.549999,24930200
Uber,7/9/2021,47.84,49.25,47.709999,49.07,49.07,15401000
Uber,7/12/2021,48.869999,49.290001,48.09,48.41,48.41,14142300
Uber,7/13/2021,48.490002,48.59,47.75,48.080002,48.080002,11283600
Uber,7/14/2021,48.279999,48.59,47.110001,47.150002,47.150002,15837000
Uber,7/15/2021,46.860001,47.459999,46.150002,46.419998,46.419998,17225300
Uber,7/16/2021,46.400002,47.09,46.009998,46.189999,46.189999,18224500
Uber,7/19/2021,45,45.747002,44.435001,45.560001,45.560001,20890600
Uber,7/20/2021,45.459999,46.66,45.07,46.32,46.32,13851400
Uber,7/21/2021,46.529999,47.939999,46.349998,47.52,47.52,14953700
Uber,7/22/2021,47.700001,48.169998,47.240002,47.57,47.57,11560800
Uber,7/23/2021,47.610001,47.689999,46.779999,47.459999,47.459999,9540700
Uber,7/26/2021,47.040001,47.599998,46.369999,46.810001,46.810001,12498000
Uber,7/27/2021,46.540001,46.66,44.764999,45.82,45.82,16874200
Uber,7/28/2021,45.880001,46.963001,45.810001,46.139999,46.139999,19510300
Uber,7/29/2021,44.119999,45.209999,44,44.689999,44.689999,51033700
Uber,7/30/2021,44.380001,44.73,43.34,43.459999,43.459999,22168500
Uber,8/2/2021,44.099998,44.290001,43.445,43.490002,43.490002,26579900
Uber,8/3/2021,43.560001,43.68,41.619999,42.790001,42.790001,37622200
Uber,8/4/2021,42.700001,42.82,41.369999,41.810001,41.810001,42969100
Uber,8/5/2021,40.5,44.650002,40.150002,43.07,43.07,60871500
Uber,8/6/2021,43.740002,44.935001,43.650002,44.279999,44.279999,25505000
Uber,8/9/2021,44.189999,44.27,43.209999,43.25,43.25,19238400
Uber,8/10/2021,43.700001,44.240002,43.25,43.5,43.5,26675200
Uber,8/11/2021,43.41,43.5,42,43.080002,43.080002,21766100
Uber,8/12/2021,42.860001,42.965,42.18,42.73,42.73,16549100
Uber,8/13/2021,42.799999,43.029999,42.200001,42.220001,42.220001,8581600
Uber,8/16/2021,41.759998,41.790001,40.860001,41.5,41.5,19223500
Uber,8/17/2021,41,41.48,40.580002,41,41,20364400
Uber,8/18/2021,40.970001,41.529999,40.799999,40.880001,40.880001,13682300
Uber,8/19/2021,40.279999,40.599998,39.509998,39.860001,39.860001,22471400
Uber,8/20/2021,39.689999,40.080002,39.240002,39.950001,39.950001,18074100
Uber,8/23/2021,39,41.080002,38.84,41,41,33901300
Uber,8/24/2021,41.099998,41.209999,39.970001,40.169998,40.169998,44872800
Uber,8/25/2021,40.439999,42.110001,40.040001,41.549999,41.549999,26498400
Uber,8/26/2021,41.490002,41.939999,40.540001,40.619999,40.619999,17473400
Uber,8/27/2021,40.529999,41.310001,40.5,40.689999,40.689999,13599900
Uber,8/30/2021,40.580002,40.740002,39.110001,39.59,39.59,29516300
Uber,8/31/2021,39.810001,40.275002,39.125,39.139999,39.139999,26396000
Uber,9/1/2021,39.98,41.665001,39.869999,40.619999,40.619999,27788600
Uber,9/2/2021,40.75,41.860001,40.536999,41.400002,41.400002,20645400
Uber,9/3/2021,41.220001,41.575001,40.23,40.32,40.32,15444900
Uber,9/7/2021,40.490002,41.080002,40.310001,40.950001,40.950001,15708600
Uber,9/8/2021,40.849998,41.34,39.830002,40.07,40.07,16219900
Uber,9/9/2021,40.099998,40.950001,39.84,40.349998,40.349998,14260300
Uber,9/10/2021,40.619999,40.830002,39.865002,39.889999,39.889999,14214400
Uber,9/13/2021,40.259998,41.189999,39.259998,40.07,40.07,28868800
Uber,9/14/2021,39.900002,40.099998,38.549999,39.009998,39.009998,36717300
Uber,9/15/2021,39,39,38.080002,38.48,38.48,30368800
Uber,9/16/2021,38.299999,39.669998,38.09,39.52,39.52,25374000
Uber,9/17/2021,39.900002,40.224998,39.290001,39.75,39.75,32165000
Uber,9/20/2021,38.880001,40.220001,38.73,39.790001,39.790001,35417600
Uber,9/21/2021,42.34,45,42.18,44.360001,44.360001,106631700
Uber,9/22/2021,44.900002,46.619999,44.610001,44.869999,44.869999,56455100
Uber,9/23/2021,45.349998,45.84,44.709999,45.48,45.48,26232800
Uber,9/24/2021,45.459999,47.044998,45.291,46.630001,46.630001,29458300
Uber,9/27/2021,46.77,47.43,46.189999,47.25,47.25,23034800
Uber,9/28/2021,46.700001,47,45.759998,45.98,45.98,23707900
Uber,9/29/2021,46,46.529999,44.299999,44.52,44.52,24599500
Uber,9/30/2021,44.709999,45.365002,43.860001,44.799999,44.799999,16650600
Uber,10/1/2021,45.915001,47.25,45.790001,47.049999,47.049999,25428300
Uber,10/4/2021,46.470001,46.830002,45.200001,45.720001,45.720001,21588200
Uber,10/5/2021,45.91,46.080002,45.345001,45.610001,45.610001,12433900
Uber,10/6/2021,45.330002,47.18,45,47.009998,47.009998,24868700
Uber,10/7/2021,47.639999,48.237999,46.889999,47.91,47.91,25961600
Uber,10/8/2021,48.080002,48.880001,47.605,47.77,47.77,17974900
Uber,10/11/2021,47.700001,47.869999,46.279999,46.290001,46.290001,16336800
Uber,10/12/2021,46.330002,47.049999,46.154999,46.720001,46.720001,12404200
Uber,10/13/2021,46.259998,47,45.939999,46.41,46.41,13754400
Uber,10/14/2021,46.98,47.939999,46.84,47.279999,47.279999,18514000
Uber,10/15/2021,47.91,48.84,47.34,48.360001,48.360001,20573700
Uber,10/18/2021,47.68,47.950001,46.75,47.07,47.07,19806700
Uber,10/19/2021,47.200001,47.689999,46.740002,47.049999,47.049999,16500200
Uber,10/20/2021,47.150002,47.540001,45.93,46,46,15570900
Uber,10/21/2021,45.970001,47.540001,45.52,46.470001,46.470001,15741000
Uber,10/22/2021,46,46.5,45.23,45.509998,45.509998,19259200
Uber,10/25/2021,45.669998,46.07,45.016998,45.720001,45.720001,12955500
Uber,10/26/2021,46.279999,47.689999,45.860001,46.02,46.02,19491800
Uber,10/27/2021,46.470001,46.549999,44.165001,44.73,44.73,26999800
Uber,10/28/2021,45,45.411999,44.382999,44.619999,44.619999,14768800
Uber,10/29/2021,44.490002,44.799999,43.57,43.82,43.82,18283200
Uber,11/1/2021,44.07,45.025002,43.650002,44.360001,44.360001,20983900
Uber,11/2/2021,44.34,44.349998,42.331001,42.889999,42.889999,28002600
Uber,11/3/2021,45.330002,46.259998,44.709999,45.720001,45.720001,38499600
Uber,11/4/2021,45.540001,46.529999,44.990002,45.27,45.27,31903000
Uber,11/5/2021,47.5,48.740002,46.610001,47.189999,47.189999,45626400
Uber,11/8/2021,47.080002,47.645,45.82,45.889999,45.889999,25257900
Uber,11/9/2021,45.91,45.98,43.68,45.509998,45.509998,33588900
Uber,11/10/2021,44.900002,45.25,42.599998,43.380001,43.380001,33712200
Uber,11/11/2021,43.32,43.720001,42.439999,43.279999,43.279999,27307800
Uber,11/12/2021,43.57,45.130001,43.57,45.119999,45.119999,29785200
Uber,11/15/2021,45.110001,45.259998,43.560001,43.610001,43.610001,19690000
Uber,11/16/2021,45.540001,46.66,44.861,45.759998,45.759998,46219700
Uber,11/17/2021,45.360001,45.639999,43.900002,44.110001,44.110001,25036400
Uber,11/18/2021,44.529999,45.325001,43.575001,45,45,27839900
Uber,11/19/2021,43.93,44.720001,43.5,44.23,44.23,21465500
Uber,11/22/2021,43.959999,44.400002,41.805,42.599998,42.599998,31355200
Uber,11/23/2021,42.380001,43.139999,41.599998,42.68,42.68,18099400
Uber,11/24/2021,42,42.369999,41.240002,42.080002,42.080002,17118200
Uber,11/26/2021,39.610001,40.619999,38.77,40.52,40.52,35453600
Uber,11/29/2021,41.060001,41.25,38.779999,39.700001,39.700001,27724400
Uber,11/30/2021,39.25,39.950001,37.035,38,38,55268500
Uber,12/1/2021,39.450001,39.5,35.799999,36.02,36.02,47316400
Uber,12/2/2021,36.549999,38.395,36.450001,38.119999,38.119999,32267000
Uber,12/3/2021,37.419998,37.84,35.259998,35.849998,35.849998,47355700
Uber,12/6/2021,35.950001,38.689999,35.439999,38.490002,38.490002,36689200
Uber,12/7/2021,39.400002,40.220001,37.759998,38.080002,38.080002,40443300
Uber,12/8/2021,38.299999,39.41,38.009998,38.810001,38.810001,29688600
Uber,12/9/2021,38.439999,38.700001,37.474998,37.540001,37.540001,22994800
Uber,12/10/2021,37.41,37.869999,36.610001,36.669998,36.669998,25745800
Uber,12/13/2021,36.18,36.307999,34.880001,35.73,35.73,38394700
Uber,12/14/2021,35.25,38.450001,35.209999,37.259998,37.259998,45491700
Uber,12/15/2021,36.91,38.375,36.240002,37.830002,37.830002,37612600
Uber,12/16/2021,38.25,38.577,37.125,37.700001,37.700001,31478400
Uber,12/17/2021,37.200001,40,36.740002,39.68,39.68,50940600
Uber,12/20/2021,38.450001,40.148998,38.080002,39.700001,39.700001,28153700
Uber,12/21/2021,39.82,42.080002,39.82,41.970001,41.970001,28385200
Uber,12/22/2021,41.950001,43.23,41.450001,43.02,43.02,27675700
Uber,12/23/2021,43.029999,44.349998,42.759998,43.91,43.91,21741900
Uber,12/27/2021,43.439999,44.240002,42.82,42.959999,42.959999,28285000
Uber,12/28/2021,42.599998,43.740002,42.299999,42.540001,42.540001,21481000
Uber,12/29/2021,42.720001,42.93,41.814999,42.459999,42.459999,15901800
